{"cameraMode":{"drawMode":0,"name":"Shaded","section":"Shading Mode"},"sceneLighting":true,"audioPlay":false,"sceneViewState":{"showFog":true,"showMaterialUpdate":false,"showSkybox":true,"showFlares":true,"showImageEffects":true,"showParticleSystems":true,"showVisualEffectGraphs":true,"m_FxEnabled":true},"in2DMode":false,"pivot":{"x":405.6140441894531,"y":328.027099609375,"z":0.7109747529029846},"rotation":{"x":0.1769595742225647,"y":0.012412641197443009,"z":-0.0023611343931406738,"w":0.9841790795326233},"size":714.6245727539063,"orthographic":false}