{"cameraMode":{"drawMode":0,"name":"Shaded","section":"Shading Mode"},"sceneLighting":true,"audioPlay":false,"sceneViewState":{"showFog":true,"showMaterialUpdate":false,"showSkybox":true,"showFlares":true,"showImageEffects":true,"showParticleSystems":true,"showVisualEffectGraphs":true,"m_FxEnabled":true},"in2DMode":false,"pivot":{"x":-25.842485427856447,"y":36.1922492980957,"z":52.81553649902344},"rotation":{"x":0.17071853578090669,"y":0.14663046598434449,"z":-0.026876699179410936,"w":0.9737949967384338},"size":5.2561140060424809,"orthographic":false}