{"cameraMode":{"drawMode":0,"name":"Shaded","section":"Shading Mode"},"sceneLighting":false,"audioPlay":false,"sceneViewState":{"showFog":true,"showMaterialUpdate":false,"showSkybox":false,"showFlares":true,"showImageEffects":true,"showParticleSystems":true,"showVisualEffectGraphs":true,"m_FxEnabled":true},"in2DMode":false,"pivot":{"x":-1.317033290863037,"y":0.30106043815612795,"z":0.9188022613525391},"rotation":{"x":0.28801196813583376,"y":0.00799018144607544,"z":-0.0034778390545397999,"w":0.9574126601219177},"size":1.1559613943099976,"orthographic":false}