{"cameraMode":{"drawMode":0,"name":"Shaded","section":"Shading Mode"},"sceneLighting":false,"audioPlay":false,"sceneViewState":{"showFog":true,"showMaterialUpdate":false,"showSkybox":false,"showFlares":true,"showImageEffects":true,"showParticleSystems":true,"showVisualEffectGraphs":true,"m_FxEnabled":true},"in2DMode":false,"pivot":{"x":25.48387336730957,"y":-73.38230895996094,"z":294.4096984863281},"rotation":{"x":0.18965570628643037,"y":-0.00030835563666187227,"z":0.00006590591510757804,"w":0.9818621873855591},"size":117.31195068359375,"orthographic":false}